Type,Label,Internal ID,Compact Display,Summary,Chronological Position,Narrative Position,Color,Parent,Ongoing,Start Date,Latest Start Date,Earliest End Date,End Date,Duration,Child Range,Tags,Blocked by,Blocks,Constraints,Links,Image (Links only),Person,Person (Compact display),Location,Location (Compact display),Relates to,Relates to (Compact display),勢力,勢力 (Compact display),特殊專有名詞,特殊專有名詞 (Compact display),效忠/服從/隸屬,效忠/服從/隸屬 (Compact display),愛人/伴侶,愛人/伴侶 (Compact display),聯盟,聯盟 (Compact display),衝突/敵對,衝突/敵對 (Compact display),H Event,H Event (Compact display),戀慕,戀慕 (Compact display),友誼,友誼 (Compact display),父母,父母 (Compact display),家人,家人 (Compact display),別名/代號,初始身份,深層設定,出生國籍,性別,額外資訊,個性台詞,覺醒等級,戰鬥方式,外貌,管轄,注意要點,初登場
"Event","亞當計畫開始","EV20","亞當計畫開始","由全球頂尖的科學家與醫學專家組成的計畫，致力於突破生命科學的疆界，開創人類健康的新紀元。
執行人類生存極限研究、細胞再生與抗衰老技術、腦缺陷補全與神經強化、病毒免疫與對策的研究。",1,,"Green",,False,152,,,152,"0 years","152 – 177 (26 years)","","","","","",,"剛鐸‧拉薩德
昆‧米契爾斯","剛
昆","","","","","","","","","","","","","","","","","","","","","","","","","","",,,"初期:
由米契爾斯家族所建立。
嘗試著將各種動植物的DNA編輯到人體

關鍵期:
南極科研隊發現一顆女性眼球，沒有腐爛，甚至還有微弱的生物活性。
無法判定物種、活性異常、且切割後會自我修復。
因此用其眼球提取DNA，嘗試複製。

後期:
試圖複製DNA進行培養，但因基因序列受到損壞，導致無法直接培養完整器官進行複製。
最後決定以人體DNA補足缺失的基因序列，並培養幹細胞注入身體中。

為縮短整個進程，還需要「催化劑B」來進一步加速受試者基因融合。
（市面上變強催化劑的原型，因為會使其活躍化）

後續引致大瘟疫、覺醒者等等…","","",,,,,,,,
"Event","亞當計畫中期","EV1","亞當計畫中期","芙瑞妲加入研究團隊，被父親出賣，遭到剛鐸玩弄身體的開始。",1.1,,"Green","亞當計畫開始",False,162,,,162,"0 years",,"","","","","",,"昆‧米契爾斯
海爾
芙瑞妲
剛鐸‧拉薩德","昆
海
芙
剛","","","","","GeneX實驗室","GeneX實驗室","Y病毒","Y病毒","","","","","","","","","","","","","","","","","","",,,"","","","",,,,,,,
"Event","南極科研團發現原初基因","EV11","南極科研團發現原初基因","南極科研隊發現一顆女性眼球，沒有腐爛，甚至還有微弱的生物活性。
無法判定物種、活性異常、且切割後會自我修復。
因此用其眼球提取DNA，嘗試複製。

此次發現讓實驗室的亞當計畫誕生。",1.2,,"Green","亞當計畫開始",False,162,,,162,"0 years",,"","","","","",,"","","","","亞當計畫中期","亞當計畫中期","米契爾斯家族","米契爾斯家族","原初基因","原初基因","","","","","","","","","","","","","","","","","","",,,,"","",,,,,,,,
"Event","加姆組織佔領斯薩魯","EV2","加姆組織佔領斯薩魯",,2,,"Green",,False,162,,,200,"39 years",,"","","","","",,"馬爾墨
拉兀","馬
拉","斯薩魯","斯薩魯","","","加姆解放組織","加姆解放組織","","","","","","","","","","","加姆解放組織H事件","加姆","","","","","","","","",,,,"","",,,,,,,,
"Event","芙瑞妲獲得不老不死","EV9","芙瑞妲獲得不老不死","礙於寡頭們以及來自剛鐸的壓力，芙瑞妲最後決定自行獻身，但一開始誤以為失敗，傑在剛鐸發洩下，芙瑞妲受傷而出現瞬間痊癒症狀，成功獲得不老不死。

剛鐸‧拉薩德為了測試芙瑞妲是否已經成為完美人類，因而對其虐待、殺害、凌遲、斷肢，埋下芙瑞妲憎恨開端的伏筆。",1.3,,"Indigo","亞當計畫開始",False,165,,,165,"0 years",,"","","","","",,"芙瑞妲
海爾
久世 紗羅(Sara)
昆‧米契爾斯
剛鐸‧拉薩德","芙
海
久紗
昆
剛","GeneX實驗室","GeneX實驗室","","","","","","","","","","","","","","","","","","","","","","","","",,,,"","",,,,,,,,
"Event","路西恩出生","EV15","路西恩出生","路西恩誕生，並在實驗室受到長期折磨與實驗。
在這過程中，誕生了Y病毒的副產品。",1.4,,"Green","亞當計畫開始",False,167,,,167,"0 years",,"","","路西恩＆西奧多救援事件","","",,"路西恩","路","GeneX實驗室","GeneX實驗室","","","","","","","","","","","","","","","","","","","","","","","","",,,,"","",,,,,,,,
"Event","提煉出Y病毒","EV17","提煉出Y病毒","以路西恩的基因分離出原初基因，並以病毒做為載體植入人體，但因具有極高的突變速率，在不同宿主體內可能產生基因重組，極易激起免疫排斥反應，甚至成為免疫風暴，因而無法作用。

被芙瑞妲與海爾廢棄的研究項目。",1.5,,"Green","亞當計畫開始",False,170,,,170,"0 years",,"","","韓特成為S級覺醒者
大瘟疫","","",,"芙瑞妲
路西恩
海爾
韓特","芙
路
海
韓","","","","","","","Y病毒
原初基因","Y病毒
原初基因","","","","","","","","","","","","","","","","","","",,,,"","",,,,,,,,
"Event","西奧多出生","EV16","西奧多出生","因芙瑞妲懷胎時，羊水穿刺採集的西奧多基因為完美基因。
加之路西恩受折磨，勾起海爾惻隱之心，開始懷疑研究目的。",1.6,,"Green","亞當計畫開始",False,173,,,173,"0 years",,"","","路西恩＆西奧多救援事件","","",,"西奧多(伊恩)","西","GeneX實驗室","GeneX實驗室","","","","","","","","","","","","","","","","","","","","","","","","",,,,"","",,,,,,,,
"Event","路西恩＆西奧多救援事件","EV7","路西恩＆西奧多救援事件","萊斯與海爾因惻隱之心而決定合作拯救西奧多與路西恩。路西恩託付給里包恩，而西奧多託付給聖紫羅蘭之家。

事件後，兩人(萊斯&海爾)皆下落不明。",1.7,,"Green","亞當計畫開始",False,173,,,173,"0 years",,"","路西恩出生
西奧多出生","韓特成為S級覺醒者","","",,"海爾
萊斯
里包恩
西奧多(伊恩)
路西恩
韓特","海
萊
里
西
路
韓","托比亞共和國
GeneX實驗室
聖紫羅蘭之家
斯薩魯","托比亞共和國
GeneX實驗室
聖紫羅蘭之家
斯薩魯","","","","","","","","","","","","","","","","","","","","","","","","",,,,"","","意外引發實驗室爆炸，大量人物喪生，導致韓特目睹芙瑞妲被燒死後，恢復為完美人類模樣，因而成為芙瑞妲狂熱者。",,,,,,,
"Event","韓特成為S級覺醒者","EV8","韓特成為S級覺醒者","韓特由低級覺醒者一路使用覺醒劑，跨過門檻而成為高級覺醒者。
在實驗室其後開始執行滅口任務。",1.8,,"Gray","亞當計畫開始",False,178,,,178,"0 years",,"","提煉出Y病毒
路西恩＆西奧多救援事件","","","",,"韓特
芙瑞妲","韓
芙","","","路西恩＆西奧多救援事件","路西恩＆西奧多救援事件","","","","","","","","","","","","","","","","","","","","","","",,,,"","",,,,,,,,
"Event","安的家人慘遭毒手，安進入孤兒院與西奧多相遇","EV10","安的家人慘遭毒手，安進入孤兒院與西奧多相遇","強尼議員買兇將安的父母殺害，安因而被安置到聖紫羅蘭之家，與西奧多相遇，結識。",3,,"Green",,False,186,,,186,"0 years",,"","","","","",,"安
西奧多(伊恩)
議員 強尼","安
西
議強","","","","","","","","","","","","","","","","","","","","","","","","","","",,,,"","",,,,,,,,
"Event","血月之夜","EV4","血月之夜","在聖紫羅蘭之家所舉辦的成年祭中發生的事件。
不明男子大規模屠殺百人，包含年輕少年少女、工作人員與警察，並留下駭人現場之後離去。
死者肢體支離破碎，犯案手法不明，現場的血跡彷彿將圓月也染紅，故稱「血月之夜」。

並且，直到今日仍未找到兇手的痕跡。
事情發生日被托比亞共和國定為每年的「國殤之日」，並警惕兇手仍逍遙法外。",4,,"Red",,False,191,,,191,"0 years",,"","","","","",,"韓特
路西恩
西奧多(伊恩)
安
瑪蓮","韓
路
西
安
瑪","托比亞共和國
聖紫羅蘭之家","托比亞共和國
聖紫羅蘭之家","","","","","","","","","","","","","","","","","","","","","","","","","那件事",,,"","","西奧多為唯一的生還者。

此事件為韓特、芙瑞妲為擄走西奧多而引發。

在關鍵之時，路西恩出現阻止並救走西奧多，韓特服用催化劑進入殺戮模式對抗，導致後續的血月之夜事件，以及任務的失敗。",,,,,,,
"Event","大瘟疫","EV3","大瘟疫","高度致命的變異性Y病毒，具有極強的傳染性與適應能力，最早於192年爆發，迅速引發全球大流行。該病毒透過飛沫、體液與氣溶膠傳播，並能在特定環境下存活數天，使其極難根除。
一年內造成接近億人死亡，造成大量階級、現有秩序的崩潰。


隔年，科學家芙瑞妲研發出疫苗，成功遏止了人類的滅亡。

在遊戲時間點開始時，仍苦於Y病毒後遺症影響。",5,,"Red",,False,194,,,194,"0 years",,"","提煉出Y病毒","芙瑞妲出任總統","","",,"芙瑞妲
久世 紗羅(Sara)","芙
久紗","托比亞共和國","托比亞共和國","亞當計畫中期","亞當計畫中期","GeneX實驗室
純淨源醫藥集團","GeneX實驗室
純淨源醫藥集團","","","","","","","","","","","","","","","","","","","","",,,"Y病毒為芙瑞妲自行栽培，從GeneX實驗室刻意流出。（此事實為機密）


為芙瑞妲因黑化後，因她已經逐漸喪失情感，對人類死亡、世界混亂毫無感覺，發動的一次奪權行動，

因久世 紗羅(Sara)是徹頭徹尾的利己主義者而合作，承諾讓久世 紗羅(Sara)成為完美人類的第一候選人。

在大瘟疫事件後，芙瑞妲當選總統，浮出水面並成為威望人物。

此事件讓米契爾斯家族取得極大勢頭與權力，讓其他家族不合（為了爭奪少量的疫苗），家族雖不是沒產生對米契爾斯家族的懷疑，但並無證據。","","","斯薩魯因鎖國，當傳播到斯薩魯時，疫苗已經研發完成。
該國人口幾乎未被感染。",,,,,,,
"Event","艾黛爾慘劇","EV23","艾黛爾慘劇","艾黛爾父母遭到殺害，被綁架到加姆解放組織進行實驗。
後艾黛爾因遭到實驗，能力變強，因而在路西恩一次摧毀據點行動時，找到機會逃出，受路西恩所救。

，被作為後面地獄光明HL成功推翻加姆解放組織的關鍵攻略點。",2.1,,"Green","加姆組織佔領斯薩魯",False,194,,,196,"3 years",,"","","","","",,"艾黛爾
路西恩","艾
路","","","","","","","","","","","","","","","","","","","","","","","","","","",,,,"","",,,,,,,,
"Event","芙瑞妲出任總統","EV12","芙瑞妲出任總統",,6,,"Red",,False,196,,,196,"0 years",,"","大瘟疫","純淨源醫藥集團異動","","",,"芙瑞妲","芙","","","","","","","","","","","","","","","","","","","","","","","","","","",,,,"","",,,,,,,,
"Event","HL首領更迭","EV13","HL首領更迭","HL內部職位交替。
包含芙瑞妲就任總統，造成對路西恩的刺激，因而路西恩挑戰里包恩，在取得合法傳承時，里包恩因故身亡，因而倉促上任。",7,,"Teal",,False,196,,,196,"0 years","196 – 196 (1 year)","","","HL經濟娛樂公司成立","","",,"安東
里包恩
路西恩","安
里
路","","","","","地獄光明
HL娛樂經紀公司","HL
HL娛樂經紀公司","","","","","","","","","","","","","","","","","","","","",,,"因安東不滿里包恩將首領職位傳承給路西恩，憤而找里包恩理論，卻意外促成里包恩的死亡。","","",,,,,,,,
"Event","純淨源醫藥集團異動","EV19","純淨源醫藥集團異動","因芙瑞妲初任總統而更換負責人，原負責人為芙瑞妲。
同年建設純淨源醫院。",6.1,,"Red","芙瑞妲出任總統",False,196,,,196,"0 years",,"","芙瑞妲出任總統","","","",,"久世 紗羅(Sara)
芙瑞妲","久紗
芙","","","","","","","","","","","","","","","","","","","","","","","","","","",,,,"","",,,,,,,,
"Event","HL經濟娛樂公司成立","EV14","HL經濟娛樂公司成立","安東接受路西恩指派，前往托比亞共和國想辦法開拓資金、情報來源。

為讓艾黛爾遠離創傷之地，路西恩讓艾黛爾也跟安東一同前往托比亞共和國作為先遣部隊、情報組織而行動。

艾黛爾變為不定時往返的身分。",7.1,,"Teal","HL首領更迭",False,197,,,197,"0 years",,"","HL首領更迭","","","",,"安東
路西恩
艾黛爾","安
路
艾","","","","","地獄光明
HL娛樂經紀公司","HL
HL娛樂經紀公司","","","","","","","","","","","","","","","","","","","","",,,,"","",,,,,,,,
"Event","拉兀遭到擊殺","EV21","拉兀遭到擊殺","加姆解放組織第一大將 拉兀遭到西奧多暗殺，失敗。
西奧多",2.2,,"Green","加姆組織佔領斯薩魯",False,199,,,199,"0 years",,"","","","","",,"西奧多(伊恩)
拉兀","西
拉","","","","","","","","","","","","","","","","","","","","","","","","","","",,,,"","",,,,,,,,
"Event","加姆組織被推翻","EV5","加姆組織被推翻",,2.3,,"Green","加姆組織佔領斯薩魯",False,200,,,200,"0 years",,"","","","","",,"西奧多(伊恩)
路西恩
馬爾墨
拉兀","西
路
馬
拉","斯薩魯","斯薩魯","","","加姆解放組織
地獄光明","加姆解放組織
HL","","","","","","","","","","","","","","","","","","","","",,,,"","",,,,,,,,
"Event","遊戲開始時間點","EV6","遊戲開始時間點",,8,,"Teal",,False,200,,,200,"0 years","200 – 203 (4 years)","遊戲開始時間點","","","","",,"露比
議員 強尼
貝兒
艾黛爾
西奧多(伊恩)
路西恩
昆‧米契爾斯
芙瑞妲
班恩
瑪蓮
久世 紗羅(Sara)
萊斯
葛蕾絲
韓特
安
DJ貝斯/Bass
貝爾納多
馬爾墨
拉兀
里包恩
海爾
剛鐸‧拉薩德
珍
安東","露
議強
貝
艾
西
路
昆
芙
班
瑪
久紗
萊
葛
韓
安
D
貝
馬
拉
里
海
剛
珍
安","","","","","","","世界觀","世界觀","","","","","","","","","","","","","","","","","","",,,,"","",,,,,,,,
"Event","第一章節：地獄歸來的銀狼","EV18","第一章節：地獄歸來的銀狼","發生在卡迪久家族經營的夜店的插曲。",8.1,"Section 1","Teal","遊戲開始時間點",False,200,,,200,"0 years",,"","","第二章節","","",,"露比
議員 強尼
貝兒
艾黛爾
西奧多(伊恩)","露
議強
貝
艾
西","夜店 Vortex
艾黛爾家","夜店 Vortex
艾黛爾家","","","","","世界觀","世界觀","","","","","","","","","","","","","","","","","","",,,,"","","玩家看完之後的已知訊息：

1.神秘的藥物、毒品
2.卡迪久家族資訊、四大幫派
3.淺淺的世界觀認知（大都會、無序混亂）
4.主角有一點故事（跟滿強的）
5.認識的角色：強尼、西奧多、艾黛爾、貝兒、露比、貝爾納多、蘿拉",,,,,,,
"Event","第二章節","EV22","第二章節","先跑月華組故事",8.2,,"Teal","遊戲開始時間點",False,200,,,200,"0 years",,"","第一章節：地獄歸來的銀狼","第三章節~第四章節","","",,"","","","","","","","","","","","","","","","","","","","","","","","","","","","",,,,"","",,,,,,,,
"Event","第三章節~第四章節","EV24","第三章節~第四章節","呈續卡迪久家族內部之爭，HL娛樂公司的安東逐漸浮出水面……",8.3,,"Teal","遊戲開始時間點",False,200,,,200,"0 years",,"","第二章節","","","",,"","","","","","","","","","","","","","","","","","","","","","","","","","","","",,,,"","",,,,,,,,
"Event","第五章","EV25","第五章","圍繞羅士昂兄弟會
路西恩登場",8.4,,"Teal","遊戲開始時間點",False,201,,,201,"0 years",,"","","","","",,"","","","","","","","","","","","","","","","","","","","","","","","","","","","",,,,"","",,,,,,,,
"Event","第五章節","EV26","第五章節",,8.5,,"Teal","遊戲開始時間點",False,201,,,201,"0 years",,"","","","","",,"","","","","","","","","","","","","","","","","","","","","","","","","","","","",,,,"","",,,,,,,,
"Event","第六章節","EV27","第六章節","純淨源醫院??",8.6,,"Teal","遊戲開始時間點",False,202,,,202,"0 years",,"","","","","",,"","","","","","","","","","","","","","","","","","","","","","","","","","","","",,,,"","",,,,,,,,
"Event","第七章節：墜落","EV28","第七章節：墜落","(暫擬方向

主角遭到芙瑞妲出賣，眾叛親離，成為國際通緝犯。
並受到月華組收留，從中習得任俠道義，並在精神層面上進一步昇華。",8.7,,"Teal","遊戲開始時間點",False,203,,,203,"0 years",,"","","","","",,"","","","","","","","","","","","","","","","","","","","","","","","","","","","",,,,"","",,,,,,,,
"Event","事件：醫療革命","EV34","事件：醫療革命","顛覆生命科學的極限，人類進化的下一步！

GeneX 實驗室多年來致力於細胞再生與基因科技的研究，如今我們自豪地宣布——人類將迎來一場前所未有的醫療革命！

免除癌症等不治之症的威脅！
自體栽培器官移植，全方位重塑生命！
減少老化速度，邁向長生不老！

GeneX 全球首波人體試驗已經啟動，我們誠邀志願者加入這場劃時代的生命革新計畫。

你的基因將不再限制你的未來！迎接新生吧！",8.7.1,,"Green","第七章節：墜落",False,203,,,203,"0 years",,"","","","","",,"","","","","","","","","","","","","","","","","","","","","","","","","","","","",,,"實際上為芙瑞妲進行的喪屍化覺醒戰士實驗，為家族打造更多特種兵。","","","由芙瑞妲進行宣布與公開，並允許托比亞共和國申請。
人民為了成為「選民」而擠破頭，他國政要亦是如此。",,,,,,,
"Event","第八章節","EV29","第八章節","主角追查過去，終於弄清楚血月之夜與過去父母輩之間的愛恨情仇。
強尼議員死亡。",8.8,,"Teal","遊戲開始時間點",False,204,,,204,"0 years",,"","","","","",,"議員 強尼","議強","","","","","","","","","","","","","","","","","","","","","","","","","","",,,,"","",,,,,,,,
"Event","第九章節","EV30","第九章節","阻止家族，剛鐸死亡",8.9,,"Teal","遊戲開始時間點",False,204,,,204,"0 years",,"","","","","",,"西奧多(伊恩)
路西恩
剛鐸‧拉薩德","西
路
剛","","","","","","","","","","","","","","","","","","","","","","","","","","",,,,"","",,,,,,,,
"Event","（活動）HL入侵純淨源集團","EV31","（活動）HL入侵純淨源集團","取得實驗室真正的方位，擊殺久世紗羅",8.8.1,,"Green","第八章節",False,204,,,204,"0 years",,"","","","","",,"","","","","","","","","","","","","","","","","","","","","","","","","","","","",,,,"","",,,,,,,,
"Event","（活動）為正清白","EV32","（活動）為正清白","卡迪久家族為男主角在背後不斷奔走，穿針引線的橋段。",8.7.2,,"Green","第七章節：墜落",False,,,,,"0 years",,"","","","","",,"","","","","","","","","","","","","","","","","","","","","","","","","","","","",,,,"","",,,,,,,,
"Event","第十章節：地獄歸來的銀狼","EV33","第十章節：地獄歸來的銀狼",,8.10,,"Green","遊戲開始時間點",False,204,,,204,"0 years",,"","","","","",,"","","","","","","","","","","","","","","","","","","","","","","","","","","","",,,,"","",,,,,,,,
"Event","家族發動世界政權顛覆","EV35","家族發動世界政權顛覆","家族結束內鬥，對世界展開攻擊，並嘗試控制人類。

利用得來的喪屍病毒",8.8.2,,"Green","第八章節",False,204,,,204,"0 years",,"","","","","",,"","","","","","","","","","","","","","","","","","","","","","","","","","","","",,,"青龍幫與羅士昂兄弟會遭到控制。（或許？）","","",,,,,,,,
"Event","（活動）露比：閃耀的星星","EV36","（活動）露比：閃耀的星星","露比參加天堂之門選拔，卻因為親友代為報名誤填年紀，而被媒體爆料成為說謊的歌手。
嗜血媒體刻意用許多合成照片攻擊露比，百口莫辯甚至被觀眾連署要求退賽。

堂堂正正的比賽（穿插她幫助對手的劇情）而敗北，夢想破碎的露比被艾黛爾邀請，接受了HL給予第二次的機會……
（合理化她被派去夜店駐唱的原因）",8.1.1,"Section 2","Green","第一章節：地獄歸來的銀狼",False,,,,,"0 years",,"","","","","",,"","","","","","","","","","","","","","","","","","","","","","","","","","","","",,,,"","",,,,,,,,
"Event","（支線）卡迪久公主","EV37","（支線）卡迪久公主","描述蘿拉帶著貝兒、艾黛爾、露比，四個女人開心逛街的橋段。
並描述西蒙對蘿拉很寵愛的事情，所以他們可以包場百貨公司。
補充卡迪久家族的情報，HL的相關訊息、主線一些補充情報（如露比沒事之後的轉變）。",8.1.2,"Section 3","Green","第一章節：地獄歸來的銀狼",False,,,,,"0 years",,"","","","","",,"","","","","","","","","","","","","","","","","","","","","","","","","","","","",,,,"","",,,,,,,,
"Person","西奧多(伊恩)","PER5","西","堅毅不拔而沈默寡言，本性善良溫柔，但因創傷故以高冷當作保護。
形式果斷俐落，有血性。",,,"Blue",,True,173,,,199,"27 years",,"男主角
主角群","","","","",,"","","","","","","","","","","","","","","","","","","","","","","","","芙瑞妲
萊斯","芙
萊","","","銀狼/伊恩(舊名)","斯薩魯銀狼","為亞當計畫的完美人類產物之一，實驗室期間被以完美意涵命名為「實驗體Ω(Omega)」。

不知自己從何而來，從小在托比亞的封閉型孤兒院聖紫羅蘭之家長大，名為「伊恩」，後遭到生母「芙瑞妲」派出的殺手「韓特」狙擊追殺，聖紫羅蘭之家「血月之夜」事件後，被路西恩救下作為唯一的倖存者並送到軍閥組織統治的國家斯薩魯，接受當地解放組織地獄光明的培訓，在斯薩魯得到了「銀狼」的稱號。

在一次地獄光明發動的暗殺行動中獨力擊斃副指揮官拉兀而得名。
因失去大部分血月之夜的記憶，因此希望能找到血月之夜的兇手報仇，返回托比亞共和國開始他的復仇。","托比亞","男","在HL娛樂經紀公司，會被稱之為顧問。
在地獄光明HL，則被稱之為「銀狼」。

青梅竹馬：
安（血月之夜亡故）

同母異父兄弟：
路西恩（西奧多不知道，路西恩知道）

（西奧多不知道的）父母：
芙瑞妲（現任托比亞總統）
比爾

因為完美人類特性，擁有以下兩個主要能力：
1.不老不死（在發育為成熟體前，體現特徵為快速恢復）（西奧多不知道）
2.殺戮模式（失去自我意識排除一切生命體，為人類面對生命威脅本能反應，發動後西奧多會出現短期情感鈍感狀態）（西奧多不知道）",,"S級覺醒者","匕首/手槍",,,"主要男主角。
目前以他角度之已知情報：

1.路西恩是不知道為什麼要幫他的恩人，可以作為他的獵犬協助，互相利用關係。
（但不算加入地獄光明）

2.追查血月之夜的真兇

3.尋找殺害青梅竹馬 安 父母的仇人

因生長環境封閉，因此與大都市格格不入，就像鄉下人一樣對相關知識（潮流、娛樂等等）非常少。","第一章節主線"
"Person","路西恩","PER6","路","陰鬱而高深莫測的男人，偶發性會出現強烈情緒、精神不穩的症狀，並讓人感受到其強烈創傷存在。
儘管如此，但因其帶領能力與領袖氣質，且不會隨意對身邊的人發怒，大家仍誓死效忠。
擁有強烈仇恨與目的性，身上也有奇怪的病症，雖有強勁實力，但礙於身體因素，無法長期作戰，外表上也看起來有些病弱。",,,"Blue",,True,167,,,199,"33 years",,"主角群","","","","",,"","","","","","","","","","","","","","","","","","","","","","","","","芙瑞妲
剛鐸‧拉薩德","芙
剛","","","實驗體Ψ(Psi)",,,"托比亞","男","有缺陷的S級覺醒者",,"S","大型獵刀",,,,
"Person","貝兒","PER19","貝","巨乳美少女，公司雜務，工作認真但天性迷糊。努力支援大家的角色。
容易搞砸事情，所以經常在道歉。",,,#FF4081,,True,180,,,199,"20 years",,"主角群","","","","",,"","","","","","","HL娛樂經紀公司","HL娛樂經紀公司","","","","","","","","","","","","","","","","","","","","",,"助理","HL娛樂經紀公司的小助理，被安東指派協助來幫艾黛爾與西奧打雜。

會開車，開車技術很好。","東方","女",,"「我是貝兒！從今天開始將會輔佐兩位前輩……嗚哇！等、等一下，筆記呢？筆記放哪裡了……？掉到地上了……對、對不起！前輩們請當作沒看到！」",,"手槍","嬌小可愛，童顏巨乳(F杯)，OL短裙套裝，大眼睛，傻白甜，綁高馬尾或疏公主頭，不會刻意賣弄性感，但巨乳身村使她即使穿著緊緊的也讓上衣顯得很繃。",,,"第一章節主線"
"Person","艾黛爾","PER20","艾","HL娛樂經紀公司，所屬人力資源部職員，特別行動經理。
主要負責HL娛樂經紀公司與女藝人們有關的工作項目。

果斷、冷靜，理性且堅毅，雖然給人距離感，但實際上內心溫柔，默默關心身邊的人。
對人的惡意很敏感。",,,#FF4081,,True,174,,,199,"26 years",,"女主角
主角群","","","","",,"","","","","","","地獄光明
HL娛樂經紀公司","HL
HL娛樂經紀公司","","","","","","","","","","","","","","","","","","","","","路西恩私人殺手","特別行動經理","父母被加姆解放組織殺害，艾黛爾本身也受到折磨與實驗。
因這段經歷，因而對人的惡意很敏感。

後為路西恩所救，並跟路西恩學了一些防身術。為報恩而成為路西恩的私人執行官，獨立行動，與地獄光明組織聯繫較低。


本身對性觀念非常保守，不想將身體交付給無法信任的人。","斯薩魯","女","本身對性觀念保守，不想將身體託付給無法信任的人。

尊敬路西恩。",,"C","吊帶襪下的飛刀/匕首",,,,"第一章節主線"
"Person","昆‧米契爾斯","PER1","昆","GeneX實驗室前任家主，個性偏執、自卑、認真、怯懦，希望透過基因改造工程改變全世界，但沒有經營的手段因而不得不對其他家族低頭。

甚至連自己的女兒芙瑞妲都保護不了。",,,"Blue",,False,107,,,194,"88 years",,"","","","","",,"","","","","","","米契爾斯家族
GeneX實驗室","米契爾斯家族
GeneX實驗室","","","","","","","","","","","","","","","","","","","","",,"米契爾斯家主","大瘟疫時期亡故。（待考）或許跟芙瑞妲有關","托比亞","男",,,,,,,,
"Person","芙瑞妲","PER2","芙","托比亞現任總統，同時也是GeneX實驗室主任，為米契爾斯家主之女。

形象為積極、努力、善良、慈愛。
慈善家、科學家。
儘管國家混亂動盪，但人民依然會為她辯解。
在大瘟疫事件中，在最短時間為世界研發出疫苗，並做出舉世貢獻。",,,#FF4081,,True,139,,,199,"61 years",,"主角群","","","","",,"","","","","","","米契爾斯家族
GeneX實驗室","米契爾斯家族
GeneX實驗室","","","","","萊斯","萊","","","","","","","","","","","昆‧米契爾斯","昆","","",,"托比亞現任總統","前權力鬥爭犧牲品，「亞當計畫」前首席研究官。
現為「不老不死」的完美人類，因遭遇的不公不義、背叛而對寡頭、甚至人類產生憎恨。
又因「完美人類」的後遺症，而喪失情感，唯只剩下「復仇」的目標存在。

她的復仇是讓敵人自己毀滅自己。
因此她不需要親自動手，只需要伸手撥弄這平穩的水面。

她希望讓那些人知道……活著，比死亡更痛苦。","托比亞","女","為了自己的不老不死而鋪路，因而使世人覺醒。（畢竟她是總統，總是會有人注意到她不會變老）","「過去家族玩弄我，現在換我讓他們活在我的規則裡。」",,,,,,
"Person","萊斯","PER3","萊","專業男友，很懂得掌握女人的心，帥氣的外表讓他在女人圈內攻無不克，號稱沒有他拿不下的女人。
散漫、浪漫、浪子、藝術家個性，帥氣的外觀與有些憂鬱的眼神導致他在情場上的無往不利。
長期擔任專業小白臉。",,,"Blue",,True,140,,,199,"60 years",,"","","","","",,"","","","","","","","","","","","","萊斯","萊","","","","","","","","","","","","","","","金毛種馬","街頭鋼琴家","西奧多生父","托比亞","男",,,,,,,,
"Person","久世 紗羅(Sara)","PER4","久紗","聽命于芙瑞妲。

喜歡有野心，作風狂野的人。與馬爾墨私通款曲，將Y病毒外流給馬爾墨打造超級士兵",,,#FF4081,,True,170,,,199,"30 years",,"","","","","",,"","","","","","","GeneX實驗室
純淨源醫藥集團","GeneX實驗室
純淨源醫藥集團","","","芙瑞妲","芙","","","","","","","","","","","","","","","","","藤井美優","首席研究官","強烈利己主義者，因芙瑞妲允諾給予「完美人類」的第一候選人門票而死忠追隨。
GeneX實驗室的首席研究官。


也是實際流出Y病毒造成大瘟疫的人之一。","東方","女","因芙瑞妲提供的保養藥劑，外表看起來只有24歲左右。",,,"",,,,
"Person","瑪蓮","PER7","瑪",,,,#FF4081,,False,142,,,191,"50 years",,"","","","","",,"","","","","聖紫羅蘭之家","聖紫羅蘭之家","","","","","","","","","","","","","","","","","","","","","","",,"修女",,"未知","女",,,,,,,,
"Person","班恩","PER8","班","英俊帥氣，甚至讓人覺得很暖心的醫生。
因純淨源醫院的高額薪水與獎金，因此無視醫德配合醫院所有指示。",,,"Blue",,False,,,,,"0 years",,"","","","","",,"","","","","純淨源綜合醫院","純淨源綜合醫院","","","","","","","","","","","","","","","","","","","","","","",,"純淨源醫生",,"托比亞","男","跟病人、護士都有性關係，也會引誘貴婦圈養。",,,,,,,
"Person","葛蕾絲","PER9","葛","溫柔善良，擁有甜美微笑的女護士。
不知道醫院的黑暗行為，只覺得這裡是非常棒的職場。",,,#FF4081,,False,,,,,"0 years",,"","","","","",,"","","","","","","","","","","","","","","","","","","","","班恩","班","","","","","","",,"護士",,"托比亞","女","受到Y病毒感染後遺症，會不定時不自覺產生強烈的性慾。
曾半夜在執勤室暗地自慰，平時甚至會將跳蛋放在下體邊工作，讓她有種莫明的快感。",,,,,,,
"Person","韓特","PER11","韓",,,,"Blue",,True,158,,,199,"42 years",,"主角群","","","","",,"","","","","","","","","","","韓特","韓","","","","","","","","","","","","","","","","","實驗體Δ","芙瑞妲的獵犬","從小就是GeneX實驗室的受驗者之一，本身因實驗已經導致身體虛弱與精神耗竭。

在海爾跟萊斯展開的兄弟救援計畫中捲入實驗室的爆炸，自身被燒傷而痛苦，加之目睹芙瑞妲從烈火中重生的畫面，沐浴在其他人的慘叫與痛苦之中，心神沉淪在芙瑞妲身上，對芙瑞妲產生神性崇拜與強烈敬慕。(此時年紀15歲)

後為成為芙瑞妲的親信而做出許多骯髒的事情，身心沉淪在芙瑞妲之上，卻一直無法一親芳澤，因而只能將自己的狂熱迷戀投射到與芙瑞妲有相似外貌的女人身上。","托比亞","男",,,,,,,,
"Person","安","PER12","安","西奧多的青梅竹馬。
因變成孤兒，而被安置在聖紫羅蘭之家，與西奧多有對未來的期許。
父母是良心建築商世家，慘遭殺害，希望念法律系找出買凶殺人的仇家。

後於血月之夜事件中亡故。",,,#FF4081,,False,173,,,191,"19 years",,"","","","","",,"","","","","聖紫羅蘭之家","聖紫羅蘭之家","","","","","","","","","","","","","","","","","","","","","","",,"青梅竹馬","頭上別的白花髮篩是伊恩送的。
殺害父母的兇手是強尼(托比亞議員)。
成年祭前與西奧多約定要一起念大學。","托比亞","女",,,,,,,,
"Person","議員 強尼","PER13","議強","遊走在灰色至黑色地帶的政客，以自己的利益為優先，手段乾脆。
很知道自己要什麼。
收受回扣，與各個犯罪勢力都有連繫的無良議員。


口頭禪是「敬這個操他媽爛的美好世界。」",,,"Blue",,True,154,,,199,"46 years",,"主角群","","","","",,"","","","","","","政治特權","政治特權","","","","","","","","","","","","","","","","","","","","",,"托比亞議員","擁有政治手段，認為托比亞共和國腐爛不堪，因此會隨意地犯罪，但偶爾也會為民福利。
做事情往往在殘忍與善良之間，有很微小的道德底線，比如買兇殺害安父母的兇手，為了討好其他勢力，可放跑了女兒。
就好像壞事不會作完整一樣。

「由我這種不好…但也不是窮兇惡極的人佔據這個位子會更好。」


很懂人情世事，老練果斷、油滑奸詐，亦有隱藏、無法改變托比亞的無力感，但正因為如此才能夠僅憑他一人獨善其身遊走在各幫派之間。（而不是加入也組建自己的勢力）

誤認西奧多是聖紫羅蘭之家提早被領養的相關人士，賞識主角西奧多，會提拔但也會乾脆地捨棄。

他並不是純粹的反派，但也不值得同情。
面對死亡時，既沒有懺悔，也沒有憤怒，而是灑脫而從容。

如果被同情的話，就會覺得你他媽擔什麼心，每個人在這世界上都只能顧好自己，這我自找的。","托比亞","男","喜歡去卡迪久經營的酒吧白吃白喝，也喜歡去月華組經營的霜花樓、羅士昂經營的應召站消費。

長期匿名捐獻大量金額給聖紫羅蘭之家，曾想弄清楚血月之夜的真相。","「我也曾經想改變這個腐敗的國家，但你知道嗎？這根本不可能。」
 「在這個國家，只有權力才是唯一的道德。」 
「比起讓一群毫無原則的野狗爭權奪利，倒不如讓我這個至少還有一點底線的人掌權。」
「我只是比其他人更聰明，這就是我的罪嗎？」

「啊，這一天終於來了。我還以為會再多撐幾年，結果也就這樣。」
「你以為我會求饒？別開玩笑了，這是我自找的。」
「早點死也不錯，至少不用再處理那些白痴的政治交易。」

「你看起來好像有點同情我？笑死人了。」
「擔什麼心？我活到這把年紀，還會不知道自己是什麼樣的人？」

「你殺了我，世界會變好嗎？不會，別傻了。」
「這個國家還是會繼續爛下去，沒有我，還會有別的垃圾補上這個位置。」
「不過說真的，我倒是有點好奇，你接下來會怎麼做……希望你不會比我還蠢。」

「要動手就快點，讓我抽完這根菸就太慢了。」

「哈哈，敬這個操他媽爛的美好世界……行吧，來幹活。」
「來吧，最後一杯，敬這個操他媽爛的美好世界。」
「還有我們這群沒救的混蛋。」

「敬這個操他媽爛的美好世界。」",,,,,,
"Person","DJ貝斯/Bass","PER14","D","野性狂放，喜歡音樂、酒精、女人，追求快感。
音樂鬼才，但涉及毒品，並引誘其他女人服毒，甚至控制女人。",,,"Blue",,False,,,,,"0 years",,"","","","","",,"","","","","夜店 Vortex","夜店 Vortex","卡迪久家族","卡迪久家族","","","貝爾納多","貝","","","","","","","","","","","","","","","","",,"DJ",,"托比亞","男","在純淨源醫院拿藥的時候，從醫院那裏獲得了「覺醒劑」，但因心性而遲遲下定不了決心而不敢使用。",,,,,,,
"Person","馬爾墨","PER17","馬","加姆解放組織現任領導者。
為前羅士昂兄弟會高幹，獨裁、殘酷無情、深黯算計。",,,"Blue",,False,161,,,200,"40 years",,"","","","","",,"","","","","","","加姆解放組織
羅士昂兄弟會/RoseArm","加姆解放組織
羅士昂兄弟會/RoseArm","","","","","","","","","","","","","","","","","","","","",,"加姆解放組織指揮官",,"托比亞","男","遊戲開始時間點，加姆組織亡於200年，領導者馬爾墨流亡。",,,"匕首、手槍","年紀約40歲，頭戴貝蕾帽，表情冷酷，俐落短髮，合身筆挺的軍服",,,
"Person","拉兀","PER18","拉","加姆解放組織的A級覺醒者，以超強怪力與殘暴手段聞名，被稱為「最接近S級的A級覺醒者」。個性自大，對自身力量有絕對的自信，極度暴力且嗜戰，但意外地喜歡小貓。",,,"Blue",,False,160,,,200,"41 years",,"","","","","",,"","","","","","","加姆解放組織","加姆解放組織","","","馬爾墨","馬","","","","","","","","","","","","","","","","",,,,"","",,,"A","拳頭","年紀約40歲，失去一隻眼睛故戴眼罩，臉上佈滿戰爭傷痕，身材無比壯碩，全身充滿肌肉，身高約200公分",,,
"Person","海爾","PER21","海","GeneX 的首席研究員，亞薩計畫的主要負責人之一，與里包恩是同窗。
當發現計畫的真正目的是種族滅絕後，內心產生動搖，懷疑自己的研究是否正確，但無法公然反對，只能暗中拖延計畫進程。

沉穩理智，具備強烈的理想抱負與科學家精神，但內心常處於掙扎與不安。雖然表面冷靜，實則內心矛盾。因妻子珍的影響，對孤兒與弱小者抱有一絲憐憫。",,,"Blue",,False,140,,,200,"61 years",,"","","","","",,"","","","","","","GeneX實驗室","GeneX實驗室","","","","","","","","","","","","","","","里包恩","里","","","","",,"被囚禁的首席研究官","因妻子珍的緣故，加之眼看路西恩從小受到折磨的模樣而起惻隱之心，救出路西恩與西奧多之後，將孩子交由以前的同窗好友—里包恩保護。

但里包恩只接受當時六歲的路西恩，因此海爾將西奧多託付給妻子工作的聖紫羅蘭之家（孤兒院）。

東窗事發後，淪為實驗室被囚禁的研究官，（待討論）身體被盡可能發揮價值，僅剩下大腦。","托比亞","男","",,,,,,,
"Person","里包恩","PER22","里","地獄光明HL反抗組織的創立者。
因妻女被加姆解放組織殺害，",,,"Blue",,False,140,,,200,"61 years",,"","","","","",,"","","","","","","","","","","","","","","","","","","","","","","","","","","","",,,,"","",,,,,,,,
"Person","剛鐸‧拉薩德","PER23","剛",,,,"Blue",,True,119,,,199,"81 years",,"","","","","",,"","","","","","","","","","","","","","","","","","","","","","","","","","","","",,,,"","",,,,,,,,
"Person","露比","PER24","露","「HL娛樂經紀公司」派駐到Vortex的駐唱歌手，追求歌唱夢想的年輕女孩。

因慘遭DJ 貝斯的下藥而成為毒品「夢幻」的上癮者，不得不成為貝斯的性奴，身心都遭到控制，也無法對外求救。
因HL失聯而引起注意。

在東窗事發後，貝斯為了毀掉露比而給她施打覺醒劑，因而使露比覺醒。",,,#FF4081,,True,178,,,199,"22 years",,"","","","","",,"","","","","夜店 Vortex","夜店 Vortex","HL娛樂經紀公司","HL娛樂經紀公司","","","","","","","","","","","","","","","","","","","","",,"『Vortex』駐唱歌手","安東倒台後預定的接班人。","托比亞","女",,"「因為只有唱歌的時候……我能擁有純粹的自由。」","B","手槍","約20歲，光鮮亮麗，穿著亮片舞台裝，短裙，絲襪馬靴，大波浪長髮，清新漂亮。",,,"第一章節主線"
"Person","珍","PER25","珍","海爾之妻。
與海爾、里包恩為同窗。
婚後在聖紫羅蘭之家工作，不知道丈夫的工作。",,,#FF4081,,False,140,,,200,"61 years",,"","","","","",,"","","","","聖紫羅蘭之家","聖紫羅蘭之家","","","","","","","海爾","海","","","","","","","","","","","","","","",,"聖紫羅蘭之家工作人員(亡故)",,"托比亞","女",,,,,,,,
"Person","安東","PER26","安","最炙手可熱的HL娛樂公司負責人。
僅僅三年便讓娛樂事業蒸蒸日上的神秘商業天才。",,,"Blue",,False,161,,,200,"40 years",,"","","","","",,"","","","","","","","","","","","","","","","","","","","","","","","","","","","",,,"路西恩委任在托比亞開拓的先遣軍，但認為自己被流放邊疆。
曾在斯薩魯立下戰功，為地獄光明前首領里包恩旗下的強力戰將，心裡對路西恩其實懷有敵意，對前首領將老大的位置傳給路西恩而非自己心有不甘。

路西恩不碰毒，但在安東到了托比亞後，發現毒所帶來的利益極具誘惑力，便開始想自己搞些毒來賺錢，並與卡迪久家族的貝爾納多合夥。

藉著經紀公司的優勢，私下與多位女明星有染，甚至建立潛規則。
利用從貝爾納多那裡取得的摧情劑「夢幻」餵養旗下女藝人。

為了證明自己的能力，讓地獄光明意識到他的重要性，甚至採用極端的手法——比如毒品。","斯薩魯","男","儘管證明了自己的能力，但是組織卻還是聽從路西恩，他認為HL才是他的家，家人卻背叛了他。

自負、傲慢、佔有慾、控制慾強、常有壞念頭。但膽子不大。",,,,,,,
"Person","甚月 平八","PER27","甚平","怙守任俠精神的首領，不欺壓弱者，也不允許毒品進入地盤。
不允許屬下沉迷賭博。

沉著冷靜而剛毅果斷，冷酷而溫柔。
有強烈的道義感，注重道義、恩情、忠誠，也不貪戀錢財。
在他領導下的月華組，更像是擁有緊密關係的地方民間互助組織。",,,"Blue",,True,157,,,199,"43 years",,"月華組
老大","","","","",,"","","","","","","月華組","月華組","","","","","","","","","龍應天","龍","","","","","","","","","","",,"月華組首領","受龍應天憎恨。

過去曾與龍應天病弱的女兒相戀，但因女兒誤會平八背叛，因而心神衰弱病死。
而平八沒多久便有了新的女人——小町 咲香，因此龍應天無法諒解他的背叛。

然實質上，小町 咲香為平八去世義兄弟的女人，受兄弟所託保護。
儘管知道龍應天對他的誤會，但平八卻不打算去解釋，他認為自己辜負了自己心愛的女人。","東方","男",,,,,"含有全身刺青",,,
"Person","西蒙‧卡迪久","PER28","西","卡迪久家族家主。
寵愛與他相差20歲的妹妹蘿拉。

個性慵懶、看起來十分散漫，對家族內的事情採取放任管理，漫不經心。",,,"Blue",,True,156,,,199,"44 years",,"","","","","",,"","","","","","","卡迪久家族","卡迪久家族","","","","","","","","","","","","","","","","","","","蘿拉‧卡迪久","蘿",,,"卡迪久家族曾一度因外部勢力鬥爭而衰弱，作為當時僅存的邊緣成員西蒙不得不肩扛卡迪久家族將其復興，並且親自照護蘿拉，也曾流落街頭過。

一同共患難，最信賴的心腹兄弟是貝爾納多。

因過去曾流落街頭的經歷，夢想是打造固若金湯的家給家人，故沉迷建築事業，甚至不惜對寡頭低頭，考慮金盆洗手。

復興卡迪久家族時，是聲名遠播的狠角色，但現在無心在家族事務上的他，看起來就像個痞痞普通，一心搞建築的大叔。","托比亞","男",,,,,,,,"第一章節主線"
"Person","貝爾納多","PER15","貝","卡迪久家族的二把手，對家族忠心耿耿。

打理卡迪久家族大小事務，一心想讓卡迪久家族成為托比亞勢力最大的幫派。
個性就像孤狼一樣驕傲且不容挑戰。",,,"Blue",,True,165,,,199,"35 years",,"","","","","",,"","","","","","","卡迪久家族","卡迪久家族","","","","","","","","","","","","","","","","","","","","",,"卡迪久家族二把手","利用酒吧環境私下販售低劣摧化劑。(毒品)

對卡迪久家主西蒙的消極以對失望。
因而在第三章與HL娛樂經紀公司的安東聯合，打算各自奪權。","托比亞","男",,"「只有懦夫才會說夠了。我最討厭的就是毫無作為的蠢貨。」",,"拳擊",,,"將於第四章死亡。(但不會說死)","第一章"
"Person","蘿拉‧卡迪久","PER29","蘿","西蒙親妹妹，十分受到西蒙疼愛，出入都有保鏢隨行。西蒙不希望她參與幫內事務，雖然好奇卻無法干涉，但仍舊有一定的權力使喚家族人士。
常去幫派自營的夜店玩，會帶姐妹一起去喝得醉醺醺被保鏢扛回家，有色心的保鏢會趁機偷吃豆腐。


個性爽朗任性，磊落大方，有點恃寵而驕的大小姐感，喜歡名牌香水、包包、化妝品、喝下午茶、作SPA、逛街購物……等等典型女性奢侈品嗜好，也時常被時尚雜誌採訪。喜歡交女性朋友當姊妹。",,,"Blue",,False,,,,,"0 years",,"","","","","",,"","","","","","","卡迪久家族","卡迪久家族","","","","","","","","","","","","","","","","","","","","",,,,"托比亞","女","活潑大方、任性爽朗
接受灰色地帶，但本性善良有正義感
喜愛名牌包、香水化妝品等奢侈品、與各種上流享樂生活",,,"折疊小型衝鋒槍",,,,"第一章節主線"
"Person","龍應天","PER30","龍","有一體弱的愛女與月華組老大甚月 平八相戀，但愛女因甚月 平八而心神衰弱病死。
因而憎恨甚月 平八。",,,"Blue",,False,,,,,"0 years",,"","","","","",,"","","","","","","青龍幫","青龍幫","","","","","","","","","","","","","","","","","","","","",,"青龍幫老大",,"東方","男",,,,,,,,
"Person","荻野 瑠衣","PER31","荻瑠","風俗女僕咖啡店『月詠館』的地雷系美少女。

面無表情又冷淡，講話無起伏的女僕。
但一旦有喜歡上的男人就會開始出現執著、地雷女病嬌、強烈依存的一面，甚至不惜自殘來威脅。

對女性親友都非常照顧，對於男人則（通常）不屑一顧。",,,"Blue",,True,180,,,199,"20 years",,"地雷女
戰鬥女僕
冷淡無表情","","","","",,"","","","","","","月華組","月華組","","","","","","","","","","","","","","","","","","","","",,,,"托比亞","女","1.服務精神非常差，對客人沒什麼禮貌。會幫其他女僕趕奧客。

2.就算出去作爸爸活也一樣，但很多客人喜歡她這沒禮貌的樣子
就算被教訓，下次見面還是那副死樣子。

3.但如果喜歡上就會變成不一樣的模樣，反而是男方被糾纏到狼狽逃走。",,,,,,,
"Person","小島 繪里奈","PER32","小繪","風俗女僕咖啡店『月詠館』的女僕，花名奈奈。

善良親切，正向，總是用甜美的笑容迎接所有客人，天真可愛，對客人們付出關心，融化客人們的心。
也因此受到許多客人們的愛慕。

因家人在大瘟疫治療的鉅額費用，而在風俗女僕咖啡店打工作，儘管如此，卻不會被逆境給擊垮，有些少根筋的陽光少女。",,,"Blue",,True,180,,,199,"20 years",,"戰鬥女僕","","","","",,"","","","","","","","","","","","","","","","","","","","","","","","","","","","",,"女僕",,"托比亞","女",,,,,,,,
"Person","佟月 霞","PER33","佟霞","叛逆不良少女（太妹）。
在月華組裡面是有點令人頭痛的小妹。

桀驁不馴、狠辣直爽，打架會衝前面且重義氣。

討厭被當女性對待，也厭惡陌生男性，因此打扮會極具攻擊性，身上的裝飾全都充分傳達出了「別惹我」的含意。

通常帶著黑色口罩示人，常被稱呼叫「狂花」。",,,"Blue",,True,176,,,199,"24 years",,"","","","","",,"","","","","","","月華組","月華組","","","","","","","","","","","","","","","","","","","","",,,"是因家庭暴力與至親性侵因素而從家裡逃出，被月華組收留的少女。","托比亞","女",,,,,,,,
"Person","相田 龍之介","PER34","相龍",,,,"Blue",,True,161,,,199,"39 years",,"","","","","",,"","","","","","","","","","","","","","","","","","","","","","","","","","","","",,,,"","",,,,,,,,
"Person","小町 咲香","PER35","小咲","管理月華娛樂花街的女子。

前花魁，如今是只屬於月華組老大甚月 平八的自由之身，只跳舞給甚月 平八看。

過往作為遊廓尊貴的花朵冷豔而高貴。現低調而穩重，只穿著最高級和服職人所織的衣服， 精通茶道、花道，跟隨著甚月 平八，因而對武藝亦有涉獵。
一般與江湖恩仇無關，為流離的女子築起安身之地，庇護弱者，守護她們不再成為權力與暴力的犧牲品。

在外人眼中，兩人是人人稱羨鶼鰈情深的夫妻。",,,"Blue",,True,165,,,199,"35 years",,"","","","","",,"","","","","","","月華組","月華組","","","","","甚月 平八","甚平","","","","","","","","","","","","","","",,"甚月 平八之妻","過去與甚月 平八的兄弟相愛，但因為兄弟過世，作為未亡人而被甚月 平八照顧。","東方","女",,,,,,,,
"Person","潔西卡","PER36","潔","年輕、溫柔而純真、形象甜美像天使一樣，堅毅中帶有些許脆弱（引起人蹂躪慾望）的外貌，擅長歌唱抒情類、感人的歌曲。

第二屆天堂之門的優勝者。
與露比在天堂之門比賽中為亦敵亦友的關系，因人氣極高作為第一優勝候選人聞名而遭到其他參賽者欺負，被露比所救，儘管沒捲入醜聞風波，但卻為了不讓露比被中途退賽而遭到安東染指。

家境清貧、學歷也不佳，因此視天堂之門為唯一的翻身機會……抱持著痛心、複雜而決然的心態進決賽，並獲得勝利，與露比離別的時候哭著求她不要放棄夢想。",,,"Blue",,True,180,,,199,"20 years",,"","","","","",,"","","","","","","HL娛樂經紀公司","HL娛樂經紀公司","","","","","","","","","","","","","","","","","","","","",,,,"","",,,,,,,,
"Person","黑音(女研究員)","PER37","黑","路西恩的主治醫生（無照）。
直屬於HL地獄光明，雖說是醫生，但其實更像是研究者。長時間研究路西恩以及西奧多的身體，在加姆組織被摧毀之後，沉浸在研究Y病毒相關藥劑的研究中直到被踹門。
超級研究狂，甚至連自己的身體、周遭的人都不放過，雖然有天大的膽子，性格卻很懦弱陰鬱，講話會有些結巴，被罵會馬上道歉（但不是真心的）。
講到喜歡的事情會滔滔不絕。

不喜歡曬太陽﹑吃飯跟出門，更討厭隨路西恩出差，本身沒什麼戰力，但其研究成果卻為地獄光明做出豐厚的貢獻。",,,"Blue",,True,,,,,"0 years",,"","","","","",,"","","","","","","地獄光明","HL","","","","","","","","","","","","","","","","","","","","",,"研究員/無照醫生",,"","","研究、研究、研究、研究、研究最開心了
陰鬱、研究狂、討厭現充跟笨蛋
偷窺、自慰、自己玩的玩具、有點M",,,,,,,
"Person","亞莉娜","PER38","亞",,,,"Blue",,True,169,,,199,"31 years",,"","","","","",,"","","","","","","","","","","","","","","","","","","","","","","","","","","","",,,,"","",,,,,,,,
"Location","托比亞共和國","LOC1","托比亞共和國","全球人口最多、科技最先進的國家。
每年創造無數科技突破，影響全球市場走向。然而，在這座金光閃閃的巨塔下，卻是支離破碎的社會廢墟。
但名存實亡的政府下，治安崩潰、階級對立嚴重，底層人民在污染與犯罪中掙扎求生，托比亞的「自由」只是強者享有的特權。

因為這裡有最先進的技術、最龐大的市場。
來自世界各地的移民、走私客、傭兵、黑幫份子蜂擁而至，為的只是能在這座腐敗又繁榮的鋼鐵叢林裡，賭上性命，翻身一夜致富。

這裡是托比亞——最美好，也最混亂的地方。",,,"Purple",,False,,,,,"0 years",,"","","","","",,"","","","","","","","","","","","","","","","","","","","","","","","","","","","",,,,"","",,,,,,,,
"Location","純淨源綜合醫院","LOC3","純淨源綜合醫院","院內在醫藥集團授意下，會對特定病人進行藥物實驗。",,,"Indigo","托比亞共和國",False,,,,,"0 years",,"","","","","",,"","","","","久世 紗羅(Sara)","久紗","純淨源醫藥集團","純淨源醫藥集團","","","純淨源醫藥集團","純淨源醫藥集團","","","","","","","","","","","","","","","","",,,,"","","提供低級毒品",,,,,,,
"Location","賭場","LOC5","賭場","理查德家族",,,"Indigo","托比亞共和國",False,,,,,"0 years",,"金融市場","","","","",,"","","","","理查德家族","理查德家族","","","","","","","","","","","","","","","","","","","","","","",,,,"","",,,,,,,,
"Location","教堂","LOC4","教堂","巴隆家族",,,"Orange","托比亞共和國",False,,,,,"0 years",,"","","","","",,"","","","","","","巴隆家族","巴隆家族","","","","","","","","","","","","","","","","","","","","",,,,"","",,,,,,,,
"Location","聖紫羅蘭之家","LOC6","聖紫羅蘭之家","收容孤兒的場所，因院長修女瑪蓮德高望重，在社會中有極高的地位，因而吸引寡頭注意。

具有獨立保護性，平常外人難以進入，就算想認養也需要經過考核。

被巴隆家族除掉，原址現已更為紀念公園。",,,"Indigo","托比亞共和國",False,,,,,"0 years",,"","","","","",,"","","","","托比亞共和國","托比亞共和國","","","","","","","","","","","","","","","","","","","","","","",,,,"","",,,,,,,,
"Location","聖紫羅蘭紀念公園","LOC18","聖紫羅蘭紀念公園","為紀念「血月之夜」慘案而設立的國家級哀悼場所，前身為聖紫羅蘭之家所在之地。該地曾發生托比亞共和國史上最駭人的無差別屠殺事件——一名身份不明的兇手在成年祭當晚血洗整座教堂，造成逾百人死亡，手法殘忍，至今未破。
教堂廢墟原封保存於園區一隅，每年國殤之日，將有大量民眾前往此地獻花、點燭，悼念失去的生命與未完的正義。",,,"Purple","聖紫羅蘭之家",False,,,,,"0 years",,"","","","","",,"","","","","","","","","","","","","","","","","","","","","","","","","","","","",,,,"","",,,,,,,,
"Location","月華組","LOC14","月華組",,,,"Purple","托比亞共和國",False,,,,,"0 years",,"","","","","",,"","","","","","","","","","","","","","","","","","","","","","","","","","","","",,,,"","",,,,,,,,
"Location","舊城區","LOC12","舊城區",,,,"Purple","月華組",False,,,,,"0 years",,"","","","","",,"","","","","","","月華組","月華組","","","","","","","","","","","","","","","","","","","","",,,,"","",,,,,,,,
"Location","月詠館","LOC13","月詠館","月華組管理的女僕店。",,,"Purple","月華組",False,,,,,"0 years",,"","","","","",,"","","","","","","月華組","月華組","","","","","","","","","","","","","","","","","","","","",,,,"","",,,,,,,,
"Location","霜花樓","LOC16","霜花樓",,,,"Purple","月華組",False,,,,,"0 years",,"","","","","",,"","","","","","","","","","","","","","","","","","","","","","","","","","","","",,,,"","",,,,,,,,
"Location","月見湯","LOC17","月見湯","由月華組經營的超級錢湯。
除基本的泡澡、吃飯、私人湯屋、按摩外，亦提供情色按摩服務。",,,"Purple","月華組",False,,,,,"0 years",,"月華組","","","","",,"","","","","","","","","","","","","","","","","","","","","","","","","","","","",,,,"","",,,,,,,,
"Location","卡迪久家族","LOC15","卡迪久家族",,,,"Purple","托比亞共和國",False,,,,,"0 years",,"","","","","",,"","","","","","","","","","","","","","","","","","","","","","","","","","","","",,,,"","",,,,,,,,
"Location","酒吧","LOC7","酒吧",,,,"Purple","卡迪久家族",False,,,,,"0 years",,"","","","","",,"","","","","","","卡迪久家族","卡迪久家族","","","","","","","","","","","","","","","","","","","","",,,,"","","卡迪久家族經營",,,,,,,
"Location","夜店 Vortex","LOC8","夜店 Vortex",,,,"Purple","卡迪久家族",False,,,,,"0 years",,"","","","","",,"","","","","","","卡迪久家族","卡迪久家族","","","","","","","","","","","","","","","","","","","","",,,,"","","卡迪久家族經營",,,,,,,
"Location","地下擂台","LOC9","地下擂台",,,,"Purple","卡迪久家族",False,,,,,"0 years",,"","","","","",,"","","","","","","卡迪久家族","卡迪久家族","","","","","","","","","","","","","","","","","","","","",,,,"","","卡迪久家族經營",,,,,,,
"Location","斯薩魯","LOC2","斯薩魯","斯薩魯是一個位於偏北地區的孤立島國，擁有極端氣候，每年有多數時間被嚴寒籠罩，因此又被稱為「凜冬之國」。

人口稀少，生活條件艱困，但地勢險峻，天然形成天然屏障，易守難攻。

加姆解放組織掌控此地後，封鎖唯一的機場與港口，限制對外聯繫。
境內通訊受監控，人民難以接觸外界，政府幾乎名存實亡。

然而，也因為其封閉性，該國人並沒有體驗到大瘟疫的入侵，形成了有些割裂的世界。

在故事的開始時間點，加姆解放組織被地獄光明組織推翻，並開始了漫長的重建。",,,"Purple",,False,,,,,"0 years",,"","","","","",,"","","","","","","","","","","","","","","","","","","","","","","","","","","","",,,,"","","加姆領導者與托比亞共和國有些聯繫。",,,,,,,
"Location","GeneX實驗室","LOC10","GeneX實驗室",,,,"Purple",,False,,,,,"0 years",,"","","","","",,"","","","","","","","","","","","","","","","","","","","","","","","","","","","",,,,"","",,,,,,,,
"Location","艾黛爾家","LOC11","艾黛爾家","有客房，但被艾黛爾弄得非常凌亂。",,,"Purple",,False,,,,,"0 years",,"","","","","",,"","","","","","","","","","","","","","","","","","","","","","","","","","","","",,,,"","",,,,,,,,
"勢力","托比亞 共和國","IT1","托比亞 共和國","全球人口最多、科技最先進的國家。
每年創造無數科技突破，影響全球市場走向。然而，在這座金光閃閃的巨塔下，卻是支離破碎的社會廢墟。
但名存實亡的政府下，治安崩潰、階級對立嚴重，底層人民在污染與犯罪中掙扎求生，托比亞的「自由」只是強者享有的特權。

因為這裡有最先進的技術、最龐大的市場。
來自世界各地的移民、走私客、傭兵、黑幫份子蜂擁而至，為的只是能在這座腐敗又繁榮的鋼鐵叢林裡，賭上性命，翻身一夜致富。

這裡是托比亞——最美好，也最混亂的地方。",,,"Indigo",,False,,,,,"0 years",,"","","","","",,"","","","","托比亞共和國","托比亞共和國","","","","","","","","","","","","","","","","","","","","","","",,,,"","","現任總統：芙瑞妲",,,,,,,
"勢力","政治特權","IT9","政治特權",,,,"Indigo","托比亞 共和國",False,,,,,"0 years",,"","","","","",,"","","","","","","","","","","","","","","","","","","","","","","","","","","","",,,,"","",,,,,,,,
"勢力","米契爾斯家族","IT2","米契爾斯家族",,,,"Indigo","政治特權",False,,,,,"0 years",,"","","","","",,"","","","","","","托比亞 共和國","托比亞 共和國","","","","","","","","","","","","","","","","","","","","",,,,"","",,,,,,,,
"勢力","GeneX實驗室","IT10","GeneX實驗室","由米契爾斯家族所成立，目前首席研究官為「久世 紗羅(Sara)」。
長期進行不被社會倫理道德認可的實驗，諸如複製人、基因改造、人體實驗等等…

目的是找出不老不死的方法，以及洗腦人類使其服從。

然因米契爾斯家族式微，資金的來源必須仰賴其他寡頭家族，加之南極發現了初始人類的遺骸……導致事態開始逐漸失控。",,,"Indigo","米契爾斯家族",False,,,,,"0 years",,"","","","","",,"","","","","","","","","","","","","","","","","","","","","","","","","","","","",,,"核心為「人類的妄想」，貪婪妄想人所不能索求的東西，因而招致世界的混亂與災難。","","",,,,,,,,
"勢力","純淨源醫藥集團","IT11","純淨源醫藥集團","知名的新興生物科技與醫藥企業，專注於 保健品研發、疫苗開發及生物技術應用，致力於推動人類健康與疾病防控。

集團擁有強大的科研團隊，並與多家國際醫學機構合作，致力於 提升人體免疫力、延緩衰老、對抗新型病原體。

旗下純淨源醫院以提供「真摯與恰到好處的溫暖服務」為宗旨，並提供高品質的醫療服務與低廉的收費，為托比亞共和國的子民與權貴們提供服務。

「改善人類健康」為企業核心價值。",,,"Indigo","GeneX實驗室",False,,,,,"0 years",,"","","","","",,"","","","","","","米契爾斯家族","米契爾斯家族","","","","","","","","","","","","","","","","","","","","",,,"","","",,,,,,,,
"勢力","休斯家族","IT3","休斯家族",,,,"Indigo","政治特權",False,,,,,"0 years",,"","","","","",,"","","","","","","","","","","","","","","","","","","","","","","","","","","","",,,,"","",,,,,,,,
"勢力","理查德家族","IT4","理查德家族",,,,"Indigo","政治特權",False,,,,,"0 years",,"","","","","",,"","","","","","","","","","","","","","","","","","","","","","","","","","","","",,,,"","",,,,,,,,
"勢力","拉薩德家族","IT5","拉薩德家族",,,,"Indigo","政治特權",False,,,,,"0 years",,"","","","","",,"","","","","","","","","","","","","","","","","","","","","","","","","","","","",,,,"","",,,,,,,,
"勢力","班德勒家族","IT6","班德勒家族",,,,"Indigo","政治特權",False,,,,,"0 years",,"","","","","",,"","","","","","","","","","","","","","","","","","","","","","","","","","","","",,,,"","",,,,,,,,
"勢力","巴隆家族","IT7","巴隆家族","掌握宗教與慈善組織，將聖紫羅蘭之家除掉。",,,"Indigo","政治特權",False,,,,,"0 years",,"","","","","",,"","","","","","","","","","","","","","","","","","","","","","","","","","","","",,,,"","",,,,,,,,
"勢力","加爾加家族","IT8","加爾加家族","與HL娛樂經紀公司有聯繫，為控制媒體、新聞、輿論等等的家族。

與芙瑞妲、HL娛樂公司往來密切，並想嘗試將HL娛樂經紀公司奪走。",,,"Indigo","政治特權",False,,,,,"0 years",,"","","","","",,"","","","","","","","","","","","","","","","","","","","","","","","","","","","",,,,"","",,,,,,,,
"勢力","幫派黑道","IT17","幫派黑道",,,,"Indigo","托比亞 共和國",False,,,,,"0 years",,"","","","","",,"","","","","","","","","","","","","","","","","","","","","","","","","","","","",,,,"","",,,,,,,,
"勢力","月華組","IT20","月華組","主要勢力位於紅燈區，經營高級夜總會與俱樂部，並透過收取地區保護費作為主要資金來源。

以「漂流者」稱呼外來移民，並提供庇護，組織更像是地方保護自治團體，而非單純的黑幫。
禁絕毒品、欺壓與賭博在地盤上出現，強調俠義精神與對弱者的守護。",,,"Indigo","幫派黑道",False,,,,,"0 years",,"","","","","",,"","","","","","","","","","","甚月 平八","甚平","","","","","","","","","","","","","","","","",,,"核心「援助」，地區保護、庇護弱者、俠義精神
一定程度上承接了聖紫羅蘭之家的工作。
在普羅大眾中有一定的聲望，地區凝聚力極高。","","","日系黑幫，使用武士刀、長槍、忍具等等武器。
穿著大多和服、羽織。
大面積日式刺青",,,,,"紅燈區
高級夜總會
俱樂部",,
"勢力","卡迪久家族","IT30","卡迪久家族","勢力橫跨夜店、酒吧、房地產與礦業進出口，同時掌控地下金融與黑市，在黑白兩道皆有深厚根基。
曾一度式微，但在現任家主手腕下回到以往的聲勢。
行動風格低調且注重格調，成員少有刺青，主要身著西裝，高層則佩戴家族徽章與象徵階級的戒指。",,,"Indigo","幫派黑道",False,,,,,"0 years",,"義大利黑幫","","","","",,"","","","","","","","","","","","","","","","","","","","","","","","","","","","",,,"雖經營的事業與青龍幫、羅士昂兄弟會有衝突，但家主西蒙因沒什麼野心的緣故，沉迷建築業，所以基本上不管事，也沒有擴張慾望。

家主正在考慮金盆洗手。","","","核心「守護」｜
黑白通吃、家族榮譽、低調穩健。",,,,,"夜店、酒吧、房地產、礦業進出口
地下金融與黑市
黑白兩道都吃得開",,
"勢力","青龍幫","IT23","青龍幫","純粹的商人，循著商鋪而生，仰賴正規商業下掩護的的走私行徑。

如人口販賣、地下賭場、地下賽事、低端、偽製藥毒品、洗錢為主，並擁有一些神秘的占卜手法。",,,"Indigo","幫派黑道",False,,,,,"0 years",,"","","","","",,"","","","","","","理查德家族","理查德家族","","","","","","","羅士昂兄弟會/RoseArm","羅士昂兄弟會/RoseArm","月華組","月華組","","","","","","","","","","",,,"因毒品、藥品等等緣故，與純淨源醫院有關連。

經營事業與卡迪久家族有衝突，因此想摧毀卡迪久家族。
且眼饞月華組的夜總會事業，而與月華組起衝突。

羅士昂兄弟會為聯盟，提供藥品；而羅士昂兄弟會提供軍火。","","","核心「瓦解」，對症下藥，講究流勢。",,,,,"一般商鋪
高級商店街
毒藥品
賭場
人口販售
商人洗錢手段",,
"勢力","羅士昂兄弟會/RoseArm","IT24","羅士昂兄弟會/RoseArm","與拉薩德家族有聯繫，故擁有走私路線與私下組裝槍械軍火的能力。（但無法自主研發，主要是拉薩德家族洩漏的設計圖）

地下黑市為卡迪久家族把持，因此渴望併吞卡迪久家族。

與青龍幫為同盟，接受對方提供的藥品，並提供軍火，但隨時都可能背叛。",,,"Indigo","幫派黑道",False,,,,,"0 years",,"","","","","",,"","","","","","","拉薩德家族","拉薩德家族","","","","","","","","","","","","","","","","","","","","",,,"核心「侵略」
鐵血紀律，力量至上，復仇必行，同生共死。","","","有走私軍火到國外的路徑，也是加姆解放組織的武裝來源。",,,,,"地下走私
軍火組裝製作
傭兵",,
"勢力","一般組織","IT18","一般組織",,,,"Green","托比亞 共和國",False,,,,,"0 years",,"","","","","",,"","","","","","","","","","","","","","","","","","","","","","","","","","","","",,,,"","",,,,,,,,
"勢力","HL娛樂經紀公司","IT25","HL娛樂經紀公司","地獄光明HL組織滲透托比亞共和國用的合法企業，讓人員的進出、金錢流動變得自然，並且蒐集情報。

短短三年內就成了托比亞國內最炙手可熱的娛樂公司。
因根基薄弱，像是個肥羊，因此為各方勢力、黑幫所垂涎，一舉一動都被關注著。",,,"Green","一般組織",False,,,,,"0 years",,"","","","","",,"","","","","","","地獄光明
加爾加家族","HL
加爾加家族","","","地獄光明","HL","","","","","","","","","","","","","","","","",,,"核心「偽裝」","","","（問題點）被勢力盯上，但沒有自保能力。
不想暴露出自己跟境外勢力有關連。

 安東有這能力好像可以獨立……",,,,,,,
"勢力","秩序方","IT41","秩序方",,,,"Green","托比亞 共和國",False,,,,,"0 years",,"","","","","",,"","","","","","","","","","","","","","","","","","","","","","","","","","","","",,,,"","",,,,,,,,
"勢力","警察","IT42","警察","腐敗不堪，原則上失能。
若非完全掩蓋不住的大事件，基本上警察都會怠職無視。

儘管大部分的警察都陷入失能狀態，但仍有少數懷抱正義的警察在為托比亞共和國努力。",,,"Green","秩序方",False,,,,,"0 years",,"","","","","",,"","","","","","","","","","","","","","","","","","","","","","","","","","","","",,,,"","",,,,,,,,
"勢力","聖紫羅蘭之家","IT43","聖紫羅蘭之家","收容孤兒的場所，因院長修女瑪蓮德高望重，在社會中有極高的地位，因而吸引寡頭注意。
具有獨立保護性，平常外人難以進入，就算想認養也需要經過考核。
唯一開放大眾參觀的時間只有每年一次的「成年祭」

在血月之夜事件後毀滅，原址現已更為紀念公園。",,,"Indigo","托比亞 共和國",False,,,,,"0 years",,"","","","","",,"","","","","","","","","","","","","","","","","","","","","","","","","","","","",,,"核心「桃源」","","","在聖紫羅蘭之家因「血月之夜」事件而消失後，有許多聖紫羅蘭之家的相關人士在追查血月之夜。

然而大部分的人都被消失或噤聲了，因此，血月之夜的事情至今仍是懸案。",,,,,,,
"勢力","警察","IT44","警察",,,,"Indigo","托比亞 共和國",False,,,,,"0 years",,"","","","","",,"","","","","","","","","","","","","","","","","","","","","","","","","","","","",,,"核心「怠惰」","","",,,,,,,,
"勢力","斯薩魯","IT15","斯薩魯",,,,"Indigo",,False,,,,,"0 years","162 – 200 (39 years)","","","","","",,"","","","","斯薩魯","斯薩魯","","","","","","","","","","","","","","","","","","","","","","",,,,"","",,,,,,,,
"勢力","加姆解放組織","IT16","加姆解放組織","軍事武裝勢力，打著「解放斯薩魯」的旗號，實則為了掠奪該地豐富的礦產資源。他們以暴力統治斯薩魯，強迫當地人民為其開採礦物，並將其販售至海外謀取暴利，過著揮霍無度的生活。民眾在殘暴的統治下苦不堪言，斯薩魯淪為血與鐵的牢籠。

加姆組織秘密研究 Y 病毒，並透過施打「覺醒劑」進行人體實驗，最終造就了「覺醒者」拉兀，使他成為組織內最強大的戰士。",,,"Indigo","斯薩魯",False,162,,,200,"39 years",,"武裝組織","","","","",,"","","","","斯薩魯","斯薩魯","","","","","馬爾墨","馬","","","","","","","","","","","","","","","","",,,,"","","現任首領：馬爾墨
副指揮官：拉兀",,,,,,,
"勢力","地獄光明","IT21","HL","「地獄暴政下的一線光明」

斯薩魯的反抗勢力，由里包恩・茲克頓為對抗加姆解放組織而成立。
在復興斯薩魯之後，大部分戰力留在斯薩魯。

而部分的少數人力則派遣到托比亞共和國，為繼任領袖「路西恩」的私怨而鋪路。",,,"Green","斯薩魯",False,,,,,"0 years",,"","","","","",,"","","","","斯薩魯
里包恩
路西恩","斯薩魯
里
路","","","","","","","","","","","","","","","","","","","","","","","HL",,,"","","在托比亞共和國的主要目的；

1.情報網路的建立
（因而留意到Y病毒的來源可能是人為，因海爾與萊斯、路西恩的關係性。）

2.賺取組織運作資金、洗錢

3.政治影響

4.人脈建立",,,,,,,
"Narrative Folders","第一章節","NF1","第一章節",,,"Part 1","Gray",,False,,,,,"0 years",,"","","","","",,"","","","","","","","","","","","","","","","","","","","","","","","","","","","",,,,"","",,,,,,,,
"特殊專有名詞","Y病毒","IT14","Y病毒","從『亞當計畫』中誕生的副產品，類似流感，造成大量死亡與社會混亂。
少部分的人在感染Y病毒之後，出現體徵的異變。
罕見症狀：
喪屍化、暴走攻擊、嗜血食人等等暴力傾向

為芙瑞妲自行栽培，從GeneX實驗室刻意流出。（此事實為機密）
為芙瑞妲因黑化後，因她已經逐漸喪失情感，對人類死亡、世界混亂毫無感覺，發動的一次奪權行動，

在大瘟疫事件後，芙瑞妲當選總統，浮出水面並成為威望人物。

此事件讓米契爾斯家族取得極大勢頭與權力，讓其他寡頭家族不合（為了爭奪少量的疫苗），其他家族雖不是沒產生對米契爾斯家族的懷疑，但並無證據。",,,"Orange",,False,167,,,200,"34 years",,"病毒","","","","",,"","","","","GeneX實驗室
大瘟疫
亞當計畫中期","GeneX實驗室
大瘟疫
亞當計畫中期","","","","","","","","","","","","","","","","","","","","","","",,,,"","","製造世人覺醒的契機，因為總會有人注意到托比亞的總統不老不死。

此外，Y病毒為從路西恩身上提煉而來。",,,,,,,
"特殊專有名詞","Y病毒疫苗","IT32","Y病毒疫苗","在GeneX實驗室中被稱之為「催化劑」。
在一般大眾認知中，官方名稱為「Y病毒疫苗」
能使Y病毒休眠，並誘發受感染者的超能力，但因人而異。

極少部份人會因為Y病毒後遺症而出現外貌的變化。",,,"Orange","Y病毒",False,,,,,"0 years",,"","","","","",,"","","","","","","","","Y病毒","Y病毒","","","","","","","","","","","","","","","","","","","催化劑A",,,"","",,,,,,,,
"特殊專有名詞","催化劑B/強化劑","IT33","催化劑B/強化劑","當服用時，任何人都能在短時間內突破極限，發揮出身體兩倍以上的力量。

副作用：時間結束後會因透支處於虛弱狀態，並有機率誘發出更多負面效果。
一次使用過量催化劑時，有大機率使身體細胞過度激活導致暴斃。
若長期使用，也可能導致身體失去控制力，而崩潰。",,,"Orange","Y病毒",False,,,,,"0 years",,"","","","","",,"","","","","","","","","Y病毒","Y病毒","","","","","","","","","","","","","","","","","","",,,,"","",,,,,,,,
"特殊專有名詞","覺醒劑","IT34","覺醒劑","使覺醒者（或潛在覺醒者）有機會再次晉級階段等級。

但被注射者會承受極大的身體痛苦，覺醒失敗者器官會在短時間內衰竭而亡。

若並未感染過Y病毒以及注射疫苗，則不會有效果。",,,"Orange","Y病毒",False,,,,,"0 years",,"","","","","",,"","","","","","","","","","","","","","","","","","","","","","","","","","","","",,,,"","",,,,,,,,
"特殊專有名詞","催情劑 夢幻","IT35","催情劑 夢幻","使感染過Y病毒人的產生強烈性慾與快感，放大感官的藥劑。
含有高度成癮性與身體上各式副作用。
瞳孔放大（散瞳）、精神運動性激動、發燒頭痛、心律不整、頭暈、異常的搔癢及蟻走感",,,"Orange","Y病毒",False,,,,,"0 years",,"","","","","",,"","","","","","","","","","","","","","","","","","","","","","","","","","","","",,,,"","","吸食夢幻的過程被稱之為「作夢」",,,,,,,
"特殊專有名詞","成年祭","IT26","成年祭","聖紫羅蘭之家傳統儀式，於每年月亮最圓、最明亮的夜晚舉行。這晚，教堂會為年滿十八、由教會收容與照顧長大的少年少女舉辦「成年祭」，象徵他們即將步入社會、獨立面對人生。
典禮當晚開放民眾參與，來自各地的親友、市民、捐助者與信徒齊聚一堂，獻上祝福與禮物，亦有音樂、燈光與祈願儀式。
該儀式原為托比亞社會中備受尊崇的慈善傳統之一，直到慘劇發生後，成為無數人心中的痛。",,,"Orange",,False,,,,,"0 years",,"","","","","",,"","","","","聖紫羅蘭之家","聖紫羅蘭之家","","","","","","","","","","","","","","","","","","","","","","",,,,"","",,,,,,,,
"特殊專有名詞","覺醒者","IT36","覺醒者","在體內具備Y病毒前提下，若加之『催化劑/Y病毒疫苗』作為佐劑，則有機會覺醒獲得超能力。
被誘發出超能力的人即稱為「覺醒者」。
強度分為未知、S~D
C等級即可輕鬆輾壓普通人，但仍可能輸給接受過特種訓練的普通人。

當覺醒者覺醒，可以再使用「覺醒劑」晉級，取得更強大的力量，但有極高的喪命風險。

當強大的覺醒者使用能力，則有可能造成異能波動、瞳孔變化等等變化。

但，政府單位仍否認、不承認「覺醒者」的存在。
民間已經廣為流傳，並為覺醒者界定能力編號。

實際上真正的能力界定，GeneX實驗室擁有測量方法，主要方式是探查覺醒者可以發揮的能量。",,,"Orange",,False,,,,,"0 years",,"","","","","",,"","","","","","","","","Y病毒
Y病毒疫苗","Y病毒
Y病毒疫苗","","","","","","","","","","","","","","","","","","",,,,"","","因政府還尚未為覺醒者正名，因此人們之間並無實際共識。

以下為GeneX實驗室的定義標準。

S級 - 最強覺醒者，能量總數最大，可以視為人型戰車。
A級 - 超強覺醒者，並擁有特殊專長。
B級 - 稀有覺醒者，能力勝過大多數人。
C級 - 優秀覺醒者，一對一的情況下，普通人無法戰勝。
D級 - 一般覺醒者，主要能力體現在身體以外的地方。",,,,,,,
"特殊專有名詞","殺戮模式Berserker","IT37","殺戮模式Berserker","進入狂戰士模式，失去自我意識，全身細胞湧出力量，進入純粹的戰鬥狀態。

超增幅力量與速度，無痛覺，瞳孔發紅光。

S級以上覺醒者可透過催化劑觸發，但結束後會陷入強烈虛弱狀態，恢復需 1 天以上。

此狀態源於 Y 病毒感染後激發出的深層潛力，最初是人類面臨生命威脅時的本能反應。

與其他人不同，因完美人類基因，西奧多使用後幾乎沒有副作用，但會短期陷入情感鈍感狀態。",,,"Orange","覺醒者",False,,,,,"0 years",,"","","","","",,"","","","","","","","","","","","","","","","","","","","","","","","","","","","","狂戰士型態",,,"","","西奧多 & 路西恩為特殊個體。
無需催化劑，在生命受威脅時可自動進入殺戮模式。",,,,,,,
"特殊專有名詞","潛在覺醒者","IT53","潛在覺醒者","在感染Y病毒之後，自行痊癒，或在施打疫苗後，具備覺醒能力卻仍未覺醒之人。
在重複施打『催化劑/Y病毒疫苗』的狀況下，有可能成為「覺醒者」。",,,"Orange","覺醒者",False,,,,,"0 years",,"","","","","",,"","","","","","","","","","","","","","","","","","","","","","","","","","","","",,,,"","",,,,,,,,
"特殊專有名詞","完美人類","IT39","完美人類","GeneX實驗室所提出的概念，希望創造出可以免於生老病死的完美人類。

後由於原初基因的出現，而使其變得可能。

GeneX實驗室所提出的概念，希望創造出可以免於生老病死的完美人類。
後由於原初基因的出現，而使其變得可能。

亦可代稱「南極發現的女性眼球」，特徵為無腐爛，甚至還有微弱的生物活性。
無法判定物種（與人類相似但不同）、活性異常、且切割後會自我修復。",,,"Orange",,False,,,,,"0 years",,"","","","","",,"","","","","GeneX實驗室
亞當計畫中期","GeneX實驗室
亞當計畫中期","","","","","","","","","","","","","","","","","","","","","","",,,,"","","僅有芙瑞妲、西奧多母子成功。",,,,,,,
"特殊專有名詞","原初基因","IT38","原初基因","僅存在西奧多、芙瑞妲，以及眼球上的基因。
擁有者會在成為成熟體之後，此能力將會變成完整，出現不老不死的特徵，並擁有超能力。

擁有此基因的人可以免疫、吸收Y病毒相關產物。",,,"Orange","完美人類",False,,,,,"0 years",,"","","","","",,"","","","","","","","","","","","","","","","","","","","","","","","","","","","","亞當夏娃基因",,,"","","與芙瑞妲不同，此特徵一開始在西奧多身上並無顯現(僅表現出恢復傷口速度較快)

但在體內檢測到相同的關鍵基因序列編號，清晰完美，甚至比芙瑞妲的結構還漂亮穩定。

後於血月之夜事件，韓特攻擊西奧多時，作為確定他也是「完美人類」的證據之一。",,,,,,,
"特殊專有名詞","世界觀","IT40","世界觀","大瘟疫肆虐後的時代。
為近現代的科技發展，因大瘟疫導致世界人口減少1/2。
人類與自衛的手段依然仰賴槍枝、刀械，然而，在大瘟疫後，似乎有少數的人開始出現不太一樣的變化……",,,"Orange",,False,,,,,"0 years",,"","","","","",,"","","","","","","","","","","","","","","","","","","","","","","","","","","","",,,,"","","變化：
部分的人在大瘟疫時代後獲得了異常的能力，包括但不限於異能、肉體強化、感官敏銳、超思考等等……但因其為萌芽時期，並不會有過於強悍的表現。",,,,,,,
"特殊專有名詞","托比亞共和國","IT51","托比亞共和國",,,,"Orange","世界觀",False,,,,,"0 years",,"","","","","",,"","","","","","","","","","","","","","","","","","","","","","","","","","","","",,,,"","",,,,,,,,
"特殊專有名詞","國殤之日","IT52","國殤之日","托比亞共和國為紀念「血月之夜」慘案所設立的國定哀悼日，每年於事件發生日舉行。
當日全國降半旗，全民默哀，電視台暫停娛樂節目。
政府會在「聖紫羅蘭紀念公園」舉辦追悼儀式，總統親自出席致詞，悼念逾百名無辜死者，並重申對真相與正義的承諾。",,,"Orange","托比亞共和國",False,,,,,"0 years",,"聖紫羅蘭之家","","","","",,"","","","","","","","","","","","","","","","","","","","","","","","","","","","",,,,"","",,,,,,,,
"特殊專有名詞","寡頭","IT54","寡頭","指托比亞共和國背後真正掌握權力的數個財閥家族。
雖名義上由總統與國會治理，實際上整個國家的政策走向、軍警調動、財政預算與媒體輿論皆受這些「寡頭」操控。

他們壟斷高科技產業、掌握資源與人力命脈，甚至擁有自己的私人軍隊與情報網。
總統「芙瑞妲」雖為民選，但實際上是寡頭推出來的政治傀儡。",,,"Orange","托比亞共和國",False,,,,,"0 years",,"","","","","",,"","","","","","","","","","","","","","","","","","","","","","","","","","","","",,,,"","",,,,,,,,
"特殊專有名詞","天堂之門","IT45","天堂之門","由HL娛樂經紀公司舉辦的平民變偶像選拔大賽，目前至遊戲開始時間點已經舉辦三屆。
內容為偶像表演並做人氣投票，入選決賽的兩名歌手將做最後比拼。
收視率極高，是托比亞共和國人們不會錯過的熱門節目。",,,"Orange","世界觀",False,,,,,"0 years",,"活動","","","","",,"","","","","","","","","","","","","","","","","","","","","","","","","","","","",,,,"","",,,,,,,,
"特殊專有名詞","月華組","IT47","月華組",,,,"Orange",,False,,,,,"0 years",,"","","","","",,"","","","","","","","","","","","","","","","","","","","","","","","","","","","",,,,"","",,,,,,,,
"特殊專有名詞","漂流者","IT48","漂流者","月華組習慣將無依無靠的流浪之人稱之為漂流者，並提供保護。而受保護之人也會以仁義來回報。",,,"Orange","月華組",False,,,,,"0 years",,"月華組","","","","",,"","","","","","","","","","","","","","","","","","","","","","","","","","","","",,,,"","",,,,,,,,
"特殊專有名詞","宵霞祭","IT46","宵霞祭","在月華組管轄的商店街為促進繁榮而定時舉辦的活動，為托比亞共和國當地必去的推薦活動。
一年四季都有不同的活動，各自有不同主題。",,,"Orange","月華組",False,,,,,"0 years",,"活動","","","","",,"","","","","","","","","","","","","","","","","","","","","","","","","","","","",,,,"","",,,,,,,,
"特殊專有名詞","地獄光明","IT49","地獄光明",,,,"Orange",,False,,,,,"0 years",,"","","","","",,"","","","","","","","","","","","","","","","","","","","","","","","","","","","",,,,"","",,,,,,,,
"特殊專有名詞","超國界的革命運動","IT50","超國界的革命運動","指不以特定國家利益為依歸，主張跨越疆界、對抗全球極權與壓迫體制的行動與理念。
地獄光明革新派視自身為此運動的一環，強調「革命不應受限於國土、族群與政治範疇」，認為只要世間尚存地獄，他們就有責任介入與推翻。

雖被部分不同理念的人視為激進，甚至危險，但其核心精神建立於「無國界的人道正義」、「革命應為所有弱者發聲」之理念上。",,,"Orange","地獄光明",False,,,,,"0 years",,"","","","","",,"","","","","","","","","","","","","","","","","","","","","","","","","","","","",,,,"","",,,,,,,,